title,link,Width,Height,Diameter,Cost
R15 185/60 Cordiant SPORT-2 PS-501 (лето),['https://www.emex.ru/Catalog/Catalog/GetImage?id=10164250&h=150'],185,60,15,Цены от 2583 ₽
195/65R15 91T AE01,['https://www.emex.ru/Catalog/Catalog/GetImage?id=5092633&h=150'],195,65,15,Цены от 4431 ₽
Michelin 91V Energy Saver,['https://www.emex.ru/Catalog/Catalog/GetImage?id=5093385&h=150'],205,55,16,Цены от 4307 ₽
R13 175/70 Amtel Planet DC В-105 (лето),['https://www.emex.ru/Catalog/Catalog/GetImage?id=5098448&h=150'],175,70,13,Цены от 2808 ₽
185/60R14 82T AE01,['https://www.emex.ru/Catalog/Catalog/GetImage?id=5092614&h=150'],185,60,14,Цены от 3507 ₽
Nokian,['https://www.emex.ru/Catalog/Catalog/GetImage?id=5119453&h=150'],195,65,15,Цены от 3345 ₽
Blizzak Revo GZ,['https://www.emex.ru/Catalog/Catalog/GetImage?id=5119229&h=150'],195,65,15,Цены от 4994 ₽
205/55R16 91H AE01,['https://www.emex.ru/Catalog/Catalog/GetImage?id=5092619&h=150'],205,55,16,Цены от 4077 ₽
Шина Nokian Nordman 5 185/65R15,['https://www.emex.ru/Catalog/Catalog/GetImage?id=6044700&h=150'],185,65,15,Цены от 3173 ₽
195/65 R 15 95T Nordman 4 XL,['https://www.emex.ru/Catalog/Catalog/GetImage?id=5120230&h=150'],195,65,15,Цены от 3225 ₽
Ice Cruiser 7000,['https://www.emex.ru/Catalog/Catalog/GetImage?id=5092125&h=150'],175,65,14,Цены от 3775 ₽
Yokohama,['https://www.emex.ru/Catalog/Catalog/GetImage?id=5119888&h=150'],185,65,15,Цены от 4271 ₽
Шина Nokian Nordman 5 185/65R14,['https://www.emex.ru/Catalog/Catalog/GetImage?id=6044699&h=150'],185,65,14,Цены от 3143 ₽
Blizzak Revo GZ,['https://www.emex.ru/Catalog/Catalog/GetImage?id=6086091&h=150'],185,65,15,Цены от 5501 ₽
Шина Nokian Nordman 5 205/55R16,['https://www.emex.ru/Catalog/Catalog/GetImage?id=6044708&h=150'],205,55,16,Цены от 4483 ₽
195/60 R15 88H ENERGY XM2,['https://www.emex.ru/Catalog/Catalog/GetImage?id=6043746&h=150'],195,60,15,Цены от 3912 ₽
R17 225/65 Hankook Dynapro HP RA23 102H (лето),['https://www.emex.ru/Catalog/Catalog/GetImage?id=5094415&h=150'],225,65,17,Цены от 6770 ₽
Шина Nokian Nordman 5 175/70R14,['https://www.emex.ru/Catalog/Catalog/GetImage?id=6044713&h=150'],175,70,14,Цены от 2960 ₽
Yokohama IG30,['https://www.emex.ru/Catalog/Catalog/GetImage?id=6046411&h=150'],215,65,16,Цены от 6030 ₽
Yokohama,['https://www.emex.ru/Catalog/Catalog/GetImage?id=5092460&h=150'],185,60,14,Цены от 3507 ₽
Шина Yokohama Iceguard Studless IG30,['https://www.emex.ru/Catalog/Catalog/GetImage?id=6046404&h=150'],205,60,16,Цены от 5781 ₽
235/55 ZR 17 103Y NOKIAN HAKKA BLACK XL,['https://www.emex.ru/Catalog/Catalog/GetImage?id=5092932&h=150'],235,55,17,Цены от 11608 ₽
Yokohama AA01,['https://www.emex.ru/Catalog/Catalog/GetImage?id=5092459&h=150'],195,65,15,Цены от 4547 ₽
Шина Nokian Hakkapeliitta 8 205/55R16,['https://www.emex.ru/Catalog/Catalog/GetImage?id=6044678&h=150'],205,55,16,Цены от 6304 ₽
Yokohama,['https://www.emex.ru/Catalog/Catalog/GetImage?id=5092456&h=150'],185,65,15,Цены от 3704 ₽
265/65R17 112 H ECOPIA EP850,['https://www.emex.ru/Catalog/Catalog/GetImage?id=6039576&h=150'],265,65,17,Цены от 12958 ₽
Sava,['https://www.emex.ru/Catalog/Catalog/GetImage?id=5117124&h=150'],175,65,14,Цены от 3015 ₽
155/70R13 CORDIANT ROAD_RUNNER 75T (457442784),['https://www.emex.ru/Catalog/Catalog/GetImage?id=10164274&h=150'],155,70,13,Цены от 2376 ₽
225/60R17 Dunlop GRANDTREK ST20 99H,['https://www.emex.ru/Catalog/Catalog/GetImage?id=5094869&h=150'],225,60,17,Цены от 9828 ₽
225/65R17 Dunlop GRANDTREK AT3 102H,['https://www.emex.ru/Catalog/Catalog/GetImage?id=5095071&h=150'],225,65,17,Цены от 6750 ₽
Шина Nokian Nordman 5 SUV,['https://www.emex.ru/Catalog/Catalog/GetImage?id=6044763&h=150'],225,55,18,Цены от 12178 ₽
195/65R15 91 H ECOPIA EP150,['https://www.emex.ru/Catalog/Catalog/GetImage?id=5098060&h=150'],195,65,15,Цены от 4518 ₽
225/65R17 102 H ECOPIA EP850,['https://www.emex.ru/Catalog/Catalog/GetImage?id=5097929&h=150'],225,65,17,Цены от 7598 ₽
Шина Yokohama BluEarth AE-01 205/65R15,['https://www.emex.ru/Catalog/Catalog/GetImage?id=6046539&h=150'],205,65,15,Цены от 4619 ₽
Sava,['https://www.emex.ru/Catalog/Catalog/GetImage?id=5117114&h=150'],205,55,16,Цены от 4925 ₽
195/60R15 88H AE01,['https://www.emex.ru/Catalog/Catalog/GetImage?id=5092626&h=150'],195,60,15,Цены от 26145 ₽
Шина Yokohama BluEarth AE-01 215/60R16,['https://www.emex.ru/Catalog/Catalog/GetImage?id=6046578&h=150'],215,60,16,Цены от 7219 ₽
Michelin 82T Energy XM2,['https://www.emex.ru/Catalog/Catalog/GetImage?id=10168556&h=150'],175,65,14,Цены от 3842 ₽
195/65R15 Dunlop SP SPORT LM704 91V,['https://www.emex.ru/Catalog/Catalog/GetImage?id=10164573&h=150'],195,65,15,Цены от 3484 ₽
Tigar,['https://www.emex.ru/Catalog/Catalog/GetImage?id=10171140&h=150'],185,60,14,Цены от 3107 ₽
Шина Bridgestone ICE CRUISER 7000,['https://www.emex.ru/Catalog/Catalog/GetImage?id=6086075&h=150'],205,65,15,Цены от 5254 ₽
205/70R15 96H G051,['https://www.emex.ru/Catalog/Catalog/GetImage?id=5092568&h=150'],205,70,15,Цены от 6568 ₽
195/70 R15C 104/102R CARGO SPEED,['https://www.emex.ru/Catalog/Catalog/GetImage?id=10171165&h=150'],195,70,15C,Цены от 4558 ₽
Nokian,['https://www.emex.ru/Catalog/Catalog/GetImage?id=5120212&h=150'],175,65,14,Цены от 2821 ₽
225/70R15 Dunlop GRANDTREK AT3 100T,['https://www.emex.ru/Catalog/Catalog/GetImage?id=5095077&h=150'],225,70,15,Цены от 7373 ₽
Шина Continental CONTIPREMIUMCONTACT 5 195/65R15,['https://www.emex.ru/Catalog/Catalog/GetImage?id=6040708&h=150'],195,65,15,Цены от 6777 ₽
225/50R17 98Y TL XL FR ContiSportContact 5,['https://www.emex.ru/Catalog/Catalog/GetImage?id=5097807&h=150'],225,50,17,Цены от 10849 ₽
Hankook,['https://www.emex.ru/Catalog/Catalog/GetImage?id=5118075&h=150'],225,55,18,Цены от 10383 ₽
Kumho,['https://www.emex.ru/Catalog/Catalog/GetImage?id=5117922&h=150'],195,75,16,Цены от 6494 ₽
Cordiant,['https://www.emex.ru/Catalog/Catalog/GetImage?id=10164271&h=150'],195,65,15,Цены от 4267 ₽
Blizzak Revo GZ,['https://www.emex.ru/Catalog/Catalog/GetImage?id=5119209&h=150'],205,55,16,Цены от 8309 ₽
Шина Tigar Winter-1 175/65R14 82T,['https://www.emex.ru/Catalog/Catalog/GetImage?id=6045585&h=150'],175,65,14,Цены от 2741 ₽
R16 205/60 Cordiant Winter Drive PW-1 91T (зима),['https://www.emex.ru/Catalog/Catalog/GetImage?id=5118534&h=150'],205,60,16,Цены от 4919 ₽
Шина Pirelli Winter ICE ZERO,['https://www.emex.ru/Catalog/Catalog/GetImage?id=10170336&h=150'],225,65,17,Цены от 8589 ₽
Шина Cordiant ROAD RUNNER PS-1,['https://www.emex.ru/Catalog/Catalog/GetImage?id=6041084&h=150'],185,60,14,Цены от 2792 ₽
205/70R15 Dunlop SP TOURING T1 96T,['https://www.emex.ru/Catalog/Catalog/GetImage?id=10164566&h=150'],205,70,15,Цены от 4575 ₽
175/65R14 Dunlop SP TOURING T1 82T,['https://www.emex.ru/Catalog/Catalog/GetImage?id=10164565&h=150'],175,65,14,Цены от 2680 ₽
175/65R14 82T TL Brillantis 2,['https://www.emex.ru/Catalog/Catalog/GetImage?id=5098238&h=150'],175,65,14,Цены от 3539 ₽
185/65R14 Dunlop SP TOURING T1 86T,['https://www.emex.ru/Catalog/Catalog/GetImage?id=6041652&h=150'],185,65,14,Цены от 3093 ₽
R16 215/65 Hankook Dynapro HP RA23 98H (лето),['https://www.emex.ru/Catalog/Catalog/GetImage?id=5094561&h=150'],215,65,16,Цены от 5946 ₽
Шина Bridgestone DMV-2 265/65R17 112R,['https://www.emex.ru/Catalog/Catalog/GetImage?id=6086023&h=150'],265,65,17,Цены от 14298 ₽
Ice Cruiser 7000,['https://www.emex.ru/Catalog/Catalog/GetImage?id=6039737&h=150'],215,65,16,Цены от 6497 ₽
Michelin 82T Energy Saver+,['https://www.emex.ru/Catalog/Catalog/GetImage?id=10168511&h=150'],195,50,15,Цены от 4636 ₽
Шина Tigar Sigura STUD 195/65R15,['https://www.emex.ru/Catalog/Catalog/GetImage?id=6045587&h=150'],195,65,15,Цены от 3908 ₽
Yokohama AA01,['https://www.emex.ru/Catalog/Catalog/GetImage?id=5092450&h=150'],185,65,14,Цены от 3510 ₽
R14 185/60 Cordiant Winter Drive PW-1 82T (зима),['https://www.emex.ru/Catalog/Catalog/GetImage?id=10164260&h=150'],185,65,14,Цены от 2649 ₽
205/55 R 16 94T Nordman 4 XL,['https://www.emex.ru/Catalog/Catalog/GetImage?id=5120233&h=150'],205,55,16,Цены от 3579 ₽
Blizzak Revo GZ,['https://www.emex.ru/Catalog/Catalog/GetImage?id=6086102&h=150'],205,60,16,Цены от 8181 ₽
205/55R16 91H TL ContiEcoContact 5 MO,['https://www.emex.ru/Catalog/Catalog/GetImage?id=5097154&h=150'],205,55,16,Цены от 5069 ₽
R17 275/55 Toyo Proxes ST 109V (лето),['https://www.emex.ru/Catalog/Catalog/GetImage?id=5092774&h=150'],275,55,17,Цены от 9632 ₽
Шина Nokian Hakkapeliitta 8 185/65R15,['https://www.emex.ru/Catalog/Catalog/GetImage?id=6044668&h=150'],185,65,15,Цены от 4369 ₽
Шина Yokohama Geolandar I/T-S G073,['https://www.emex.ru/Catalog/Catalog/GetImage?id=6046425&h=150'],255,55,18,Цены от 9669 ₽
Blizzak Revo GZ,['https://www.emex.ru/Catalog/Catalog/GetImage?id=6086089&h=150'],185,60,15,Цены от 5565 ₽
225/65R17 102H TL FR MP85 Hectorra 4X4,['https://www.emex.ru/Catalog/Catalog/GetImage?id=10167522&h=150'],225,65,17,Цены от 5825 ₽
265/70 R 16 112T NOKIAN ROTIIVA AT,['https://www.emex.ru/Catalog/Catalog/GetImage?id=10169398&h=150'],265,70,16,Цены от 7454 ₽
Yokohama,['https://www.emex.ru/Catalog/Catalog/GetImage?id=5119979&h=150'],275,60,20,Цены от 17350 ₽
265/65 R 17 116T Nokian Rotiiva AT XL,['https://www.emex.ru/Catalog/Catalog/GetImage?id=10169399&h=150'],265,65,17,Цены от 9891 ₽
Шина Nokian Nordman 5 185/70R14,['https://www.emex.ru/Catalog/Catalog/GetImage?id=6044697&h=150'],185,70,14,Цены от 3282 ₽
Hankook,['https://www.emex.ru/Catalog/Catalog/GetImage?id=5118103&h=150'],155,70,13,Цены от 3840 ₽
Hankook,['https://www.emex.ru/Catalog/Catalog/GetImage?id=10166946&h=150'],175,65,14,Цены от 3218 ₽
Blizzak VRX,['https://www.emex.ru/Catalog/Catalog/GetImage?id=6085967&h=150'],175,70,14,Цены от 5001 ₽
Шина Nokian Hakkapeliitta 8 215/55R16,['https://www.emex.ru/Catalog/Catalog/GetImage?id=6044680&h=150'],215,55,16,Цены от 7499 ₽
Yokohama G073,['https://www.emex.ru/Catalog/Catalog/GetImage?id=6046420&h=150'],225,65,17,Цены от 7594 ₽
Michelin,['https://www.emex.ru/Catalog/Catalog/GetImage?id=5117548&h=150'],225,60,16,Цены от 10538 ₽
Hankook,['https://www.emex.ru/Catalog/Catalog/GetImage?id=5118061&h=150'],265,65,17,Цены от 10067 ₽
195/50ZR15 Dunlop SP SPORT MAXX 82W,['https://www.emex.ru/Catalog/Catalog/GetImage?id=5095116&h=150'],195,50,15,Цены от 3989 ₽
Michelin 106Y XL Latitude sport 3,['https://www.emex.ru/Catalog/Catalog/GetImage?id=6043793&h=150'],275,40,20,Цены от 17463 ₽
185/75R16C 104/102R TL MPS330 Maxilla 2,['https://www.emex.ru/Catalog/Catalog/GetImage?id=5094068&h=150'],185,75,16,Цены от 6139 ₽
Шина Bridgestone BLIZZAK VRX 185/65R14,['https://www.emex.ru/Catalog/Catalog/GetImage?id=6085983&h=150'],185,65,14,Цены от 6023 ₽
"LT31x10,5/ R 15 109S Nokian Rotiiva AT",['https://www.emex.ru/Catalog/Catalog/GetImage?id=10169401&h=150'],31,"10,5",15,Цены от 7365 ₽
R15 195/60 Hankook K424 Optimo ME02 88H (лето),['https://www.emex.ru/Catalog/Catalog/GetImage?id=10166922&h=150'],195,60,15,Цены от 3966 ₽
Good year 185/65R15 88T UltraGrip Ice Arctic D-STUD,['https://www.emex.ru/Catalog/Catalog/GetImage?id=10165087&h=150'],185,65,15,Цены от 4179 ₽
"Шина зимняя, оборудована под шип, шипов нет Tigar Cargo Speed Winter",['https://www.emex.ru/Catalog/Catalog/GetImage?id=10171139&h=150'],225,70,15,Цены от 6596 ₽
Blizzak Revo GZ,['https://www.emex.ru/Catalog/Catalog/GetImage?id=6086104&h=150'],215,65,16,Цены от 7373 ₽
Yokohama,['https://www.emex.ru/Catalog/Catalog/GetImage?id=5119893&h=150'],145,70,12,Цены от 4099 ₽
Шина Bridgestone DMV-2 235/55R18 100T,['https://www.emex.ru/Catalog/Catalog/GetImage?id=6086014&h=150'],235,55,18,Цены от 14561 ₽
245/60 R 18 109T Nokian HKPL 7 SUV XL,['https://www.emex.ru/Catalog/Catalog/GetImage?id=5119377&h=150'],245,60,18,Цены от 12634 ₽
Bridgestone,['https://www.emex.ru/Catalog/Catalog/GetImage?id=5092299&h=150'],275,55,20,Цены от 20379 ₽
Nokian,['https://www.emex.ru/Catalog/Catalog/GetImage?id=10169547&h=150'],175,70,13,Цены от 2719 ₽
205/60R16 Dunlop SP TOURING T1 92H,['https://www.emex.ru/Catalog/Catalog/GetImage?id=10164549&h=150'],205,60,16,Цены от 4400 ₽
Hankook,['https://www.emex.ru/Catalog/Catalog/GetImage?id=5094488&h=150'],225,55,17,Цены от 9949 ₽
215/60R16 99H XL P7cint,['https://www.emex.ru/Catalog/Catalog/GetImage?id=10170247&h=150'],215,60,16,Цены от 6498 ₽
Шина Tigar Winter-1 175/70R13 82T,['https://www.emex.ru/Catalog/Catalog/GetImage?id=6045583&h=150'],175,70,13,Цены от 2485 ₽
"Шина зимняя, оборудована под шип, шипов нет Tigar Cargo Speed Winter",['https://www.emex.ru/Catalog/Catalog/GetImage?id=10171160&h=150'],195,70,15,Цены от 5663 ₽
225/50R17 98Y XL P7Blue,['https://www.emex.ru/Catalog/Catalog/GetImage?id=5092851&h=150'],225,50,17,Цены от 10698 ₽
Шина Tigar Cargo Speed Winter,['https://www.emex.ru/Catalog/Catalog/GetImage?id=6090431&h=150'],195,75,16C,Цены от 6027 ₽
Hankook,['https://www.emex.ru/Catalog/Catalog/GetImage?id=10166900&h=150'],285,50,20,Цены от 14863 ₽
Шина Bridgestone BLIZZAK SPIKE-01 195/65R15,['https://www.emex.ru/Catalog/Catalog/GetImage?id=6085917&h=150'],195,65,15,Цены от 5136 ₽
165/65 R 14 79T Nordman 4,['https://www.emex.ru/Catalog/Catalog/GetImage?id=5117420&h=150'],165,65,14,Цены от 3816 ₽
Michelin 91H Energy XM2,['https://www.emex.ru/Catalog/Catalog/GetImage?id=10168535&h=150'],195,65,15,Цены от 5095 ₽
Hankook,['/Areas/Accessories/Content/Images/catalog-no-photo.png'],215,60,16,Цены от 5641 ₽
225/45ZR17 Dunlop SP SPORT LM704 94W,['https://www.emex.ru/Catalog/Catalog/GetImage?id=5095032&h=150'],225,45,17,Цены от 6047 ₽
Michelin 225/65 R17 106H XL Latitude Alpin 2,['https://www.emex.ru/Catalog/Catalog/GetImage?id=6043796&h=150'],225,65,17,Цены от 14187 ₽
R16 215/60 Cordiant Sport-2 PS-501 99V (лето),['https://www.emex.ru/Catalog/Catalog/GetImage?id=6041080&h=150'],215,60,16,Цены от 4975 ₽
R16 205/55 Cordiant Polar-2 PW-502 91T (шип),['https://www.emex.ru/Catalog/Catalog/GetImage?id=5118536&h=150'],205,55,16,Цены от 4284 ₽
Шина Yokohama Iceguard Studless IG50,['https://www.emex.ru/Catalog/Catalog/GetImage?id=6046564&h=150'],195,60,15,Цены от 5349 ₽
185/65 R15 88T ENERGY XM2,['https://www.emex.ru/Catalog/Catalog/GetImage?id=6043806&h=150'],185,65,15,Цены от 3814 ₽
Hankook,['https://www.emex.ru/Catalog/Catalog/GetImage?id=5118106&h=150'],215,50,17,Цены от 7085 ₽
225/55 R 17 101R Nokian HKPL R2 XL,['https://www.emex.ru/Catalog/Catalog/GetImage?id=10169407&h=150'],225,55,17,Цены от 9617 ₽
215/70 R 16 100T NOKIAN ROTIIVA AT,['https://www.emex.ru/Catalog/Catalog/GetImage?id=5092994&h=150'],215,70,16,Цены от 6362 ₽
205/55ZR16 Dunlop SP SPORT MAXX 91W,['/Areas/Accessories/Content/Images/catalog-no-photo.png'],205,55,16,Цены от 4425 ₽
Шина Hankook Ventus ST RH06,['https://www.emex.ru/Catalog/Catalog/GetImage?id=6042417&h=150'],265,60,18,Цены от 10997 ₽
R14 185/60 Cordiant Sport-2 82H (лето),['https://www.emex.ru/Catalog/Catalog/GetImage?id=5095396&h=150'],185,60,14,Цены от 2502 ₽
Kumho,['https://www.emex.ru/Catalog/Catalog/GetImage?id=10167237&h=150'],185,65,15,Цены от 3485 ₽
Шина Kumho WinterCraft Ice WI31,['https://www.emex.ru/Catalog/Catalog/GetImage?id=6042776&h=150'],195,55,15,Цены от 4519 ₽
Michelin 265/65 R17 112T Latitude X-Ice 2,['https://www.emex.ru/Catalog/Catalog/GetImage?id=5117639&h=150'],265,65,17,Цены от 12046 ₽
205/65R15 94 H ECOPIA EP150,['https://www.emex.ru/Catalog/Catalog/GetImage?id=5098082&h=150'],205,65,15,Цены от 4650 ₽
Tigar,['https://www.emex.ru/Catalog/Catalog/GetImage?id=10171129&h=150'],175,70,14,Цены от 2888 ₽
Sava,['https://www.emex.ru/Catalog/Catalog/GetImage?id=5117120&h=150'],185,65,15,Цены от 3301 ₽
Шина Tigar Sigura STUD 175/70R13,['https://www.emex.ru/Catalog/Catalog/GetImage?id=6045580&h=150'],175,70,13,Цены от 2744 ₽
"Шина зимняя, оборудована под шип, шипов нет KUMHO WinterCraft ice Wi31",['https://www.emex.ru/Catalog/Catalog/GetImage?id=10167235&h=150'],205,55,16,Цены от 4858 ₽
Blizzak VRX,['https://www.emex.ru/Catalog/Catalog/GetImage?id=6085958&h=150'],195,65,15,Цены от 5836 ₽
Kumho,['https://www.emex.ru/Catalog/Catalog/GetImage?id=5117958&h=150'],195,65,15,Цены от 3857 ₽
Hankook,['https://www.emex.ru/Catalog/Catalog/GetImage?id=5094493&h=150'],185,60,15,Цены от 3570 ₽
Dunlop GRANDTREK SJ6 116Q,['https://www.emex.ru/Catalog/Catalog/GetImage?id=6041559&h=150'],285,60,18,Цены от 7735 ₽
215/60R17 96H TL ContiEcoContact 5,['https://www.emex.ru/Catalog/Catalog/GetImage?id=10164020&h=150'],215,60,17,Цены от 9877 ₽
Шина Bridgestone ICE CRUISER 7000,['https://www.emex.ru/Catalog/Catalog/GetImage?id=6039735&h=150'],205,60,16,Цены от 7735 ₽
Blizzak Revo GZ,['https://www.emex.ru/Catalog/Catalog/GetImage?id=6086092&h=150'],205,65,15,Цены от 6955 ₽
Yokohama AA01,['https://www.emex.ru/Catalog/Catalog/GetImage?id=5092436&h=150'],205,55,16,Цены от 3978 ₽
215/55R18 99V TL XL FR ContiPremiumContact 2 E,['https://www.emex.ru/Catalog/Catalog/GetImage?id=10163933&h=150'],215,55,18,Цены от 11741 ₽
Hankook,['https://www.emex.ru/Catalog/Catalog/GetImage?id=10166924&h=150'],185,70,14,Цены от 4144 ₽
LT235/85 R 16 120/116R NOKIAN ROTIIVA AT,['https://www.emex.ru/Catalog/Catalog/GetImage?id=10169402&h=150'],235,85,16,Цены от 8071 ₽
155/65 R 14 75T Nokian HKPL 8,['https://www.emex.ru/Catalog/Catalog/GetImage?id=5119734&h=150'],155,65,14,Цены от 4569 ₽
Good year 195/55R16 87T UltraGrip Ice Arctic D-STUD,['https://www.emex.ru/Catalog/Catalog/GetImage?id=6042097&h=150'],195,55,16,Цены от 6609 ₽
Michelin 97V XL Primacy 3,['https://www.emex.ru/Catalog/Catalog/GetImage?id=5093622&h=150'],215,55,16,Цены от 10064 ₽
Шина Yokohama Iceguard Studless IG50,['https://www.emex.ru/Catalog/Catalog/GetImage?id=6046573&h=150'],225,40,18,Цены от 11671 ₽
Шина летняя Classe Premiere CP661 175/70R13 82T,['/Areas/Accessories/Content/Images/catalog-no-photo.png'],175,70,13,Цены от 6051 ₽
Шина Tigar Winter-1 185/65R14 86T,['https://www.emex.ru/Catalog/Catalog/GetImage?id=10171159&h=150'],185,65,14,Цены от 3108 ₽
185/60R14 Dunlop SP SPORT LM704 82H,['https://www.emex.ru/Catalog/Catalog/GetImage?id=5095016&h=150'],185,60,14,Цены от 2631 ₽
195/65R15 Dunlop SP TOURING T1 91T,['https://www.emex.ru/Catalog/Catalog/GetImage?id=10164556&h=150'],195,65,15,Цены от 3283 ₽
185/60R14 Dunlop SP TOURING T1 82T,['https://www.emex.ru/Catalog/Catalog/GetImage?id=10164548&h=150'],185,60,14,Цены от 2776 ₽
Yokohama,['https://www.emex.ru/Catalog/Catalog/GetImage?id=5119911&h=150'],215,60,17,Цены от 7213 ₽
Шина Nokian Nordman 5 185/55R15,['https://www.emex.ru/Catalog/Catalog/GetImage?id=6044706&h=150'],185,55,15,Цены от 4017 ₽
225/60R18 Dunlop GRANDTREK ST30 100H,['https://www.emex.ru/Catalog/Catalog/GetImage?id=10164538&h=150'],225,60,18,Цены от 8702 ₽
225/65R17 Dunlop GRANDTREK ST30 102H,['https://www.emex.ru/Catalog/Catalog/GetImage?id=5094859&h=150'],225,65,17,Цены от 6835 ₽
Hankook,['https://www.emex.ru/Catalog/Catalog/GetImage?id=10166952&h=150'],215,60,17,Цены от 9197 ₽
Michelin 98W XL Primacy 3,['https://www.emex.ru/Catalog/Catalog/GetImage?id=10168388&h=150'],215,55,17,Цены от 8748 ₽
Matador,['https://www.emex.ru/Catalog/Catalog/GetImage?id=5062042&h=150'],205,65,16,Цены от 7046 ₽
Michelin 82T Energy XM2 DT1,['https://www.emex.ru/Catalog/Catalog/GetImage?id=10168524&h=150'],175,70,13,Цены от 3772 ₽
205/60R16 92H P7cint,['https://www.emex.ru/Catalog/Catalog/GetImage?id=10170238&h=150'],205,60,16,Цены от 5799 ₽
145/65R15 Dunlop SP SPORT 2030 72S,['https://www.emex.ru/Catalog/Catalog/GetImage?id=10164542&h=150'],145,65,15,Цены от 3863 ₽
255/50R19 107W V802,['https://www.emex.ru/Catalog/Catalog/GetImage?id=5092487&h=150'],255,50,19,Цены от 16226 ₽
Шина зимняя Kumho Power Grip,['/Areas/Accessories/Content/Images/catalog-no-photo.png'],195,75,16C,Цены от 7990 ₽
Kumho,['https://www.emex.ru/Catalog/Catalog/GetImage?id=10167239&h=150'],175,65,14,Цены от 3024 ₽
175/65 R 14 86T Nokian HKPL 8 XL,['https://www.emex.ru/Catalog/Catalog/GetImage?id=10169538&h=150'],175,65,14,Цены от 4194 ₽
Yokohama IG30,['https://www.emex.ru/Catalog/Catalog/GetImage?id=6046405&h=150'],215,60,16,Цены от 6026 ₽
R15 195/65 Amtel Planet DC B-108 (лето),['https://www.emex.ru/Catalog/Catalog/GetImage?id=5098457&h=150'],195,65,15,Цены от 3657 ₽
Nokian,['https://www.emex.ru/Catalog/Catalog/GetImage?id=10169554&h=150'],185,60,14,Цены от 3301 ₽
Шина Yokohama A.Drive AA01 195/60R15,['https://www.emex.ru/Catalog/Catalog/GetImage?id=6046651&h=150'],195,60,15,Цены от 4811 ₽
Шина Michelin X-ICE-3 205/55R16 94H,['https://www.emex.ru/Catalog/Catalog/GetImage?id=6043700&h=150'],205,55,16,Цены от 6844 ₽
Hankook,['https://www.emex.ru/Catalog/Catalog/GetImage?id=10166929&h=150'],215,70,16,Цены от 7028 ₽
Ice Cruiser 7000,['https://www.emex.ru/Catalog/Catalog/GetImage?id=6086085&h=150'],235,65,17,Цены от 11444 ₽
245/45 R19 102Y XL PILOT SPORT 3 MO,['https://www.emex.ru/Catalog/Catalog/GetImage?id=10168320&h=150'],245,45,19,Цены от 16597 ₽
235/55ZR17 103Y V103,['https://www.emex.ru/Catalog/Catalog/GetImage?id=5092535&h=150'],235,55,17,Цены от 9612 ₽
Blizzak Revo GZ,['https://www.emex.ru/Catalog/Catalog/GetImage?id=6086101&h=150'],215,55,16,Цены от 6717 ₽
Hankook,['https://www.emex.ru/Catalog/Catalog/GetImage?id=10166935&h=150'],235,60,18,Цены от 9319 ₽
225/45ZR17 Dunlop SP SPORT MAXX 94Y,['https://www.emex.ru/Catalog/Catalog/GetImage?id=5095124&h=150'],225,45,17,Цены от 7742 ₽
R14 185/60 Sava Eskimo S3+ 82T (зима),['https://www.emex.ru/Catalog/Catalog/GetImage?id=5117132&h=150'],185,60,14,Цены от 3186 ₽
Michelin 86H Energy XM2,['https://www.emex.ru/Catalog/Catalog/GetImage?id=10168499&h=150'],185,65,14,Цены от 4022 ₽
R16C 215/75 Tigar Cargo Speed 113/111R (лето),['https://www.emex.ru/Catalog/Catalog/GetImage?id=10171142&h=150'],215,75,16,Цены от 5958 ₽
R17 235/55 Hankook Dynapro HP RA23 99V (лето),['https://www.emex.ru/Catalog/Catalog/GetImage?id=10166908&h=150'],235,55,17,Цены от 10406 ₽
Bridgestone,['https://www.emex.ru/Catalog/Catalog/GetImage?id=5098028&h=150'],195,65,15,Цены от 4933 ₽
Шина Cordiant SPORT 2 PS-501,['https://www.emex.ru/Catalog/Catalog/GetImage?id=6041159&h=150'],175,65,14,Цены от 2789 ₽
205/70R15 CORDIANT ALL_TERRAIN 100H (293517616),['https://www.emex.ru/Catalog/Catalog/GetImage?id=10164251&h=150'],205,70,15,Цены от 4342 ₽
R15 195/65 Cordiant Winter Drive PW-1 91T (зима),['https://www.emex.ru/Catalog/Catalog/GetImage?id=10164261&h=150'],195,65,15,Цены от 2962 ₽
Yokohama G051,['https://www.emex.ru/Catalog/Catalog/GetImage?id=5092582&h=150'],245,70,16,Цены от 7920 ₽
175/65 R 15 88T Nokian HKPL 8 XL,['https://www.emex.ru/Catalog/Catalog/GetImage?id=10169540&h=150'],175,65,15,Цены от 5365 ₽
Bridgestone,['https://www.emex.ru/Catalog/Catalog/GetImage?id=5098030&h=150'],185,65,15,Цены от 5267 ₽
Hankook,['https://www.emex.ru/Catalog/Catalog/GetImage?id=10166932&h=150'],225,65,17,Цены от 7180 ₽
Bridgestone,['https://www.emex.ru/Catalog/Catalog/GetImage?id=5098016&h=150'],195,60,15,Цены от 6370 ₽
Шина Barum Brillantis 2 175/70R13,['https://www.emex.ru/Catalog/Catalog/GetImage?id=6039073&h=150'],175,70,13,Цены от 3604 ₽
215/60 R 16 99H Nokian Hakka Green XL,['https://www.emex.ru/Catalog/Catalog/GetImage?id=5093071&h=150'],215,60,16,Цены от 9308 ₽
Шина Nokian Nordman 5 SUV,['https://www.emex.ru/Catalog/Catalog/GetImage?id=6044759&h=150'],225,60,17,Цены от 14566 ₽
205/55 R 16 94R Nordman RS XL,['https://www.emex.ru/Catalog/Catalog/GetImage?id=5117528&h=150'],205,55,16,Цены от 5292 ₽
Yokohama AA01,['https://www.emex.ru/Catalog/Catalog/GetImage?id=5092466&h=150'],205,65,15,Цены от 4265 ₽
Blizzak Revo GZ,['https://www.emex.ru/Catalog/Catalog/GetImage?id=5119247&h=150'],185,60,14,Цены от 5426 ₽
Kumho,['https://www.emex.ru/Catalog/Catalog/GetImage?id=10167220&h=150'],205,55,16,Цены от 4996 ₽
185/60R15 Dunlop SP TOURING T1 84H,['https://www.emex.ru/Catalog/Catalog/GetImage?id=5095055&h=150'],185,60,15,Цены от 3269 ₽
Yokohama,['https://www.emex.ru/Catalog/Catalog/GetImage?id=5120152&h=150'],265,70,17,Цены от 8961 ₽
Blizzak Revo GZ,['https://www.emex.ru/Catalog/Catalog/GetImage?id=5119243&h=150'],185,65,14,Цены от 5134 ₽
Ice Cruiser 7000,['https://www.emex.ru/Catalog/Catalog/GetImage?id=6086066&h=150'],245,50,20,Цены от 15470 ₽
Michelin 265/65R17 116T XL Latitude X-Ice North 2,['https://www.emex.ru/Catalog/Catalog/GetImage?id=5117748&h=150'],265,65,17,Цены от 13051 ₽
Bridgestone,['https://www.emex.ru/Catalog/Catalog/GetImage?id=6086013&h=150'],225,55,18,Цены от 11064 ₽
Шина Yokohama Iceguard Studless IG50,['https://www.emex.ru/Catalog/Catalog/GetImage?id=6046562&h=150'],215,65,16,Цены от 7650 ₽
215/65R16 98H TL FR MP82 CONQUERRA 2,['https://www.emex.ru/Catalog/Catalog/GetImage?id=5093789&h=150'],215,65,16,Цены от 5026 ₽
Blizzak Revo GZ,['https://www.emex.ru/Catalog/Catalog/GetImage?id=6086099&h=150'],215,55,17,Цены от 11007 ₽
Michelin 255/55 R18 109T XL Latitude X-Ice 2,['https://www.emex.ru/Catalog/Catalog/GetImage?id=5117635&h=150'],255,55,18,Цены от 17455 ₽
Blizzak Revo GZ,['https://www.emex.ru/Catalog/Catalog/GetImage?id=6086069&h=150'],175,65,14,Цены от 4765 ₽
Blizzak Spike-01,['https://www.emex.ru/Catalog/Catalog/GetImage?id=6085948&h=150'],235,60,18,Цены от 9695 ₽
235/45 ZR 17 97Y NOKIAN HAKKA BLACK XL,['https://www.emex.ru/Catalog/Catalog/GetImage?id=5092924&h=150'],235,45,17,Цены от 8318 ₽
Шина Matador MP 44 Elite,['https://www.emex.ru/Catalog/Catalog/GetImage?id=6043213&h=150'],215,60,16,Цены от 6806 ₽
Шина Dunlop Winter MAXX 1,['https://www.emex.ru/Catalog/Catalog/GetImage?id=6041650&h=150'],175,70,14,Цены от 3280 ₽
Bridgestone,['https://www.emex.ru/Catalog/Catalog/GetImage?id=6086017&h=150'],265,60,18,Цены от 15605 ₽
215/55 R16 93V ENERGY SAVER,['https://www.emex.ru/Catalog/Catalog/GetImage?id=10168337&h=150'],215,55,16,Цены от 7062 ₽
185/70R14 Dunlop SP TOURING T1 88T,['https://www.emex.ru/Catalog/Catalog/GetImage?id=10164560&h=150'],185,70,14,Цены от 3468 ₽
Шина Bridgestone DMV-2 285/60R18 116R,['https://www.emex.ru/Catalog/Catalog/GetImage?id=6039695&h=150'],285,60,18,Цены от 15511 ₽
205/65R15 Dunlop SP TOURING T1 94T,['https://www.emex.ru/Catalog/Catalog/GetImage?id=10164558&h=150'],205,65,15,Цены от 4340 ₽
Шина Yokohama Geolandar I/T-S G073,['https://www.emex.ru/Catalog/Catalog/GetImage?id=6046505&h=150'],225,60,17,Цены от 7770 ₽
Michelin 215/70 R15C 109/107R Agilis X-Ice North,['https://www.emex.ru/Catalog/Catalog/GetImage?id=10168532&h=150'],215,70,15,Цены от 9687 ₽
Ice Cruiser 7000,['https://www.emex.ru/Catalog/Catalog/GetImage?id=6086083&h=150'],275,70,16,Цены от 11417 ₽
Шина Bridgestone DMV-2 235/65R17 108S,['https://www.emex.ru/Catalog/Catalog/GetImage?id=6086022&h=150'],235,65,17,Цены от 12935 ₽
Шина Bridgestone DMV-2 285/65R17 116R,['https://www.emex.ru/Catalog/Catalog/GetImage?id=6086025&h=150'],285,65,17,Цены от 14475 ₽
225/60 R 17 99T Nokian HKPL 7 SUV Flat Run,['https://www.emex.ru/Catalog/Catalog/GetImage?id=5119380&h=150'],225,60,17,Цены от 17245 ₽
235/45R17 94W TL FR ContiSportContact 5 ContiSeal,['https://www.emex.ru/Catalog/Catalog/GetImage?id=6040542&h=150'],235,45,17,Цены от 10469 ₽
Michelin 111W Latitude sport MO,['https://www.emex.ru/Catalog/Catalog/GetImage?id=10168497&h=150'],275,55,19,Цены от 16248 ₽
185/65 R 14 90T Nokian HKPL 8 XL,['https://www.emex.ru/Catalog/Catalog/GetImage?id=10169539&h=150'],185,65,14,Цены от 4740 ₽
Hankook,['https://www.emex.ru/Catalog/Catalog/GetImage?id=10166951&h=150'],205,75,15,Цены от 6493 ₽
Kumho,['https://www.emex.ru/Catalog/Catalog/GetImage?id=5117930&h=150'],225,55,17,Цены от 7553 ₽
R17 245/65 Hankook i*Pike RW11 107T (шип),['https://www.emex.ru/Catalog/Catalog/GetImage?id=10166936&h=150'],245,65,17,Цены от 8942 ₽
225/60R17 99H TL CrossContact LX Sport,['https://www.emex.ru/Catalog/Catalog/GetImage?id=5096168&h=150'],225,60,17,Цены от 11631 ₽
Blizzak VRX,['https://www.emex.ru/Catalog/Catalog/GetImage?id=6085996&h=150'],215,55,16,Цены от 8599 ₽
R15 215/65 Hankook K424 Optimo ME02 96H (лето),['https://www.emex.ru/Catalog/Catalog/GetImage?id=10166923&h=150'],215,65,15,Цены от 5272 ₽
Шина Yokohama Geolandar I/T-S G073,['https://www.emex.ru/Catalog/Catalog/GetImage?id=6046445&h=150'],225,70,16,Цены от 7998 ₽
Blizzak Revo GZ,['https://www.emex.ru/Catalog/Catalog/GetImage?id=6086068&h=150'],185,70,14,Цены от 5536 ₽
Шина Bridgestone BLIZZAK VRX 205/55R16,['https://www.emex.ru/Catalog/Catalog/GetImage?id=6085959&h=150'],205,55,16,Цены от 8713 ₽
Michelin 185/65 R14 90T XL X-Ice North 2,['https://www.emex.ru/Catalog/Catalog/GetImage?id=6043765&h=150'],185,65,14,Цены от 5561 ₽
205/70R15C 106/104R TL MPS330 Maxilla 2,['https://www.emex.ru/Catalog/Catalog/GetImage?id=10167513&h=150'],205,70,15,Цены от 5812 ₽
195/50R15 82 V MY-02 SPORTY STYLE,['https://www.emex.ru/Catalog/Catalog/GetImage?id=5098054&h=150'],195,50,15,Цены от 4298 ₽
225/70R15C 112/110R TL Nord Frost VAN SD,['https://www.emex.ru/Catalog/Catalog/GetImage?id=5118283&h=150'],225,70,15,Цены от 12005 ₽
Bridgestone,['https://www.emex.ru/Catalog/Catalog/GetImage?id=6086028&h=150'],215,65,16,Цены от 8753 ₽
Шина Bridgestone BLIZZAK VRX 185/70R14,['https://www.emex.ru/Catalog/Catalog/GetImage?id=6085975&h=150'],185,70,14,Цены от 4994 ₽
Yokohama,['https://www.emex.ru/Catalog/Catalog/GetImage?id=5119880&h=150'],185,60,14,Цены от 4327 ₽
Шина Bridgestone BLIZZAK VRX 215/65R16,['https://www.emex.ru/Catalog/Catalog/GetImage?id=6085981&h=150'],215,65,16,Цены от 8757 ₽
Шина Yokohama A.Drive AA01 185/60R15,['https://www.emex.ru/Catalog/Catalog/GetImage?id=6046652&h=150'],185,60,15,Цены от 3965 ₽
215/70R16 Dunlop GRANDTREK AT3 100T,['https://www.emex.ru/Catalog/Catalog/GetImage?id=5095093&h=150'],215,70,16,Цены от 8134 ₽
Шина Yokohama Geolandar I/T-S G073,['https://www.emex.ru/Catalog/Catalog/GetImage?id=6046455&h=150'],285,50,20,Цены от 6347 ₽
Michelin 185/60/14 H 86 X- ICE 3 XL,['https://www.emex.ru/Catalog/Catalog/GetImage?id=10168538&h=150'],185,60,14,Цены от 4535 ₽
Blizzak VRX,['https://www.emex.ru/Catalog/Catalog/GetImage?id=6085973&h=150'],215,60,16,Цены от 10255 ₽
Blizzak Revo GZ,['https://www.emex.ru/Catalog/Catalog/GetImage?id=6086090&h=150'],195,60,15,Цены от 6012 ₽
245/60 R18 105H LATITUDE SPORT 3,['https://www.emex.ru/Catalog/Catalog/GetImage?id=10168555&h=150'],245,60,18,Цены от 11925 ₽
Hankook,['https://www.emex.ru/Catalog/Catalog/GetImage?id=10166960&h=150'],225,45,17,Цены от 7424 ₽
235/55 R 18 104R Nokian HKPL R2 SUV XL,['https://www.emex.ru/Catalog/Catalog/GetImage?id=5119531&h=150'],235,55,18,Цены от 11267 ₽
Шина Kumho WinterCraft Ice WI31,['https://www.emex.ru/Catalog/Catalog/GetImage?id=6042778&h=150'],185,65,14,Цены от 3246 ₽
Bridgestone,['https://www.emex.ru/Catalog/Catalog/GetImage?id=5098027&h=150'],205,65,16,Цены от 8457 ₽
Шина Nokian Hakkapeliitta 7 SUV,['https://www.emex.ru/Catalog/Catalog/GetImage?id=6044651&h=150'],215,55,18,Цены от 12219 ₽
Blizzak Spike-01,['https://www.emex.ru/Catalog/Catalog/GetImage?id=6085921&h=150'],235,65,17,Цены от 7506 ₽
Blizzak Spike-01,['https://www.emex.ru/Catalog/Catalog/GetImage?id=5119078&h=150'],205,65,16,Цены от 8472 ₽
Bridgestone,['https://www.emex.ru/Catalog/Catalog/GetImage?id=5092302&h=150'],245,50,20,Цены от 15842 ₽
Шина Cordiant WINTER DRIVE 175/70R13,['https://www.emex.ru/Catalog/Catalog/GetImage?id=10164259&h=150'],175,70,13,Цены от 2893 ₽
195/65R15 CORDIANT ROAD_RUNNER 91H (355816419),['https://www.emex.ru/Catalog/Catalog/GetImage?id=6041087&h=150'],195,65,15,Цены от 3049 ₽
Yokohama IG30,['https://www.emex.ru/Catalog/Catalog/GetImage?id=6046410&h=150'],205,65,15,Цены от 4701 ₽
215/65 R16 98H LATITUDE TOUR HP,['https://www.emex.ru/Catalog/Catalog/GetImage?id=10168356&h=150'],215,65,16,Цены от 7355 ₽
225/55R18 98V S-VERD,['https://www.emex.ru/Catalog/Catalog/GetImage?id=10170268&h=150'],225,55,18,Цены от 10340 ₽
Hankook,['https://www.emex.ru/Catalog/Catalog/GetImage?id=5094406&h=150'],255,60,18,Цены от 11056 ₽
Kumho,['https://www.emex.ru/Catalog/Catalog/GetImage?id=5117918&h=150'],195,70,15,Цены от 5889 ₽
R15 195/65 Cordiant Sport-3 PS-2 91V (лето),['https://www.emex.ru/Catalog/Catalog/GetImage?id=10164272&h=150'],195,65,15,Цены от 3088 ₽
Шина Tigar Winter-1 165/70R13 79T,['https://www.emex.ru/Catalog/Catalog/GetImage?id=6045588&h=150'],165,70,13,Цены от 2875 ₽
Pirelli,['https://www.emex.ru/Catalog/Catalog/GetImage?id=5092868&h=150'],245,40,20,Цены от 22879 ₽
R15 195/65 Sava Eskimo Stud 91T (шип),['https://www.emex.ru/Catalog/Catalog/GetImage?id=5117116&h=150'],195,65,15,Цены от 4813 ₽
Pirelli,['https://www.emex.ru/Catalog/Catalog/GetImage?id=5092898&h=150'],275,35,20,Цены от 23714 ₽
185/75 R16C 104/102R CARGO SPEED,['https://www.emex.ru/Catalog/Catalog/GetImage?id=10171157&h=150'],185,75,16C,Цены от 4606 ₽
R14 185/65 Cordiant Sport-2 PS-501 (лето),['https://www.emex.ru/Catalog/Catalog/GetImage?id=5095258&h=150'],185,65,14,Цены от 2616 ₽
Шина Pirelli Winter ICE ZERO,['https://www.emex.ru/Catalog/Catalog/GetImage?id=10170367&h=150'],185,65,15,Цены от 3804 ₽
155/70R13 75T TL Brillantis 2,['https://www.emex.ru/Catalog/Catalog/GetImage?id=5098237&h=150'],155,70,13,Цены от 3277 ₽
Шина Bridgestone BLIZZAK SPIKE-01 215/55R17,['https://www.emex.ru/Catalog/Catalog/GetImage?id=6085946&h=150'],215,55,17,Цены от 11399 ₽
Kumho,['https://www.emex.ru/Catalog/Catalog/GetImage?id=10167222&h=150'],205,60,16,Цены от 5237 ₽
Pirelli,['https://www.emex.ru/Catalog/Catalog/GetImage?id=6089838&h=150'],195,55,15,Цены от 3927 ₽
205/65 R 15 99T Nokian HKPL 8 XL,['https://www.emex.ru/Catalog/Catalog/GetImage?id=6044670&h=150'],205,65,15,Цены от 5416 ₽
195/65 R 15 95T Nokian HKPL 8 XL,['https://www.emex.ru/Catalog/Catalog/GetImage?id=10169541&h=150'],195,65,15,Цены от 4637 ₽
Sava,['https://www.emex.ru/Catalog/Catalog/GetImage?id=5117149&h=150'],185,65,15,Цены от 3301 ₽
205/45R16 83H TL ContiEcoContact 5,['https://www.emex.ru/Catalog/Catalog/GetImage?id=5097126&h=150'],205,45,16,Цены от 9482 ₽
225/45 R 17 94T Nokian HKPL 8 XL,['https://www.emex.ru/Catalog/Catalog/GetImage?id=6044657&h=150'],225,45,17,Цены от 10390 ₽
265/60 R 18 114T NOKIAN ROTIIVA AT XL,['https://www.emex.ru/Catalog/Catalog/GetImage?id=10169410&h=150'],265,60,18,Цены от 9957 ₽
Шина Cordiant ROAD RUNNER PS-1,['https://www.emex.ru/Catalog/Catalog/GetImage?id=6041082&h=150'],175,70,13,Цены от 2557 ₽
295/35R21 103Y TL FR ContiSportContact 5P SUV N0,['https://www.emex.ru/Catalog/Catalog/GetImage?id=6040611&h=150'],295,35,21,Цены от 21251 ₽
235/45 R17 94W TL PRIMACY HP MO GRNX MI,['https://www.emex.ru/Catalog/Catalog/GetImage?id=5093473&h=150'],235,45,17,Цены от 9178 ₽
225/70R16 102H TL 4x4Contact,['https://www.emex.ru/Catalog/Catalog/GetImage?id=5096525&h=150'],225,70,16,Цены от 8669 ₽
Pirelli,['https://www.emex.ru/Catalog/Catalog/GetImage?id=6089587&h=150'],255,50,19,Цены от 14083 ₽
Nokian,['https://www.emex.ru/Catalog/Catalog/GetImage?id=10169551&h=150'],285,60,18,Цены от 13145 ₽
175/70R13 82 H ECOPIA EP150,['https://www.emex.ru/Catalog/Catalog/GetImage?id=6039581&h=150'],175,70,13,Цены от 3130 ₽
255/70 R 16 111T NOKIAN ROTIIVA AT,['https://www.emex.ru/Catalog/Catalog/GetImage?id=10169397&h=150'],255,70,16,Цены от 8527 ₽
225/45 R17 94W XL PRIMACY 3,['https://www.emex.ru/Catalog/Catalog/GetImage?id=6043771&h=150'],225,45,17,Цены от 7391 ₽
245/45ZR18 Dunlop SP SPORT MAXX 96Y,['https://www.emex.ru/Catalog/Catalog/GetImage?id=5095114&h=150'],245,45,18,Цены от 11848 ₽
225/65 R16C 112/110R AGILIS+,['https://www.emex.ru/Catalog/Catalog/GetImage?id=10168515&h=150'],225,65,16C,Цены от 13958 ₽
Hankook,['https://www.emex.ru/Catalog/Catalog/GetImage?id=10166901&h=150'],265,50,20,Цены от 12390 ₽
185/60R14 82T TL Brillantis 2,['https://www.emex.ru/Catalog/Catalog/GetImage?id=5098243&h=150'],185,60,14,Цены от 3931 ₽
R15 205/65 Kumho I`Zen KW31 99R (зима),['https://www.emex.ru/Catalog/Catalog/GetImage?id=5117949&h=150'],205,65,15,Цены от 4151 ₽
Hankook,['https://www.emex.ru/Catalog/Catalog/GetImage?id=10166928&h=150'],215,65,16,Цены от 6490 ₽
R16 195/55 Kumho I'Zen KW22 91T (шип),['https://www.emex.ru/Catalog/Catalog/GetImage?id=5117981&h=150'],195,55,16,Цены от 5899 ₽
235/65 R17 108V XL 4X4 DIAMARIS N0,['https://www.emex.ru/Catalog/Catalog/GetImage?id=10168355&h=150'],235,65,17,Цены от 11064 ₽
R14 185/60 Amtel Planet DC B-111 (лето),['https://www.emex.ru/Catalog/Catalog/GetImage?id=5098454&h=150'],185,60,14,Цены от 3048 ₽
Dunlop,['https://www.emex.ru/Catalog/Catalog/GetImage?id=10164581&h=150'],235,55,18,Цены от 9644 ₽
Yokohama V802,['https://www.emex.ru/Catalog/Catalog/GetImage?id=5092493&h=150'],235,55,18,Цены от 12700 ₽
Yokohama AA01,['https://www.emex.ru/Catalog/Catalog/GetImage?id=6046653&h=150'],185,70,14,Цены от 4022 ₽
R15 195/65 Cordiant Sport-2 91H (лето),['https://www.emex.ru/Catalog/Catalog/GetImage?id=5095329&h=150'],195,65,15,Цены от 2957 ₽
Michelin 8 109H Latitude Tour HP,['https://www.emex.ru/Catalog/Catalog/GetImage?id=5093700&h=150'],265,60,18,Цены от 18386 ₽
R15 205/60 Cordiant Polar-2 PW-502 (шип),['https://www.emex.ru/Catalog/Catalog/GetImage?id=5118533&h=150'],205,60,15,Цены от 3510 ₽
Dunlop GRANDTREK SJ6 103Q,['https://www.emex.ru/Catalog/Catalog/GetImage?id=6041613&h=150'],245,55,19,Цены от 10098 ₽
205/55R16 Dunlop SP TOURING T1 91H,['https://www.emex.ru/Catalog/Catalog/GetImage?id=10164547&h=150'],205,55,16,Цены от 3902 ₽
R16 215/70 Hankook Dynapro HP RA23 100H (лето),['https://www.emex.ru/Catalog/Catalog/GetImage?id=5094391&h=150'],215,70,16,Цены от 7621 ₽
R15 235/75 Hankook i*Pike RW11 105T (шип),['https://www.emex.ru/Catalog/Catalog/GetImage?id=10166927&h=150'],235,75,15,Цены от 8568 ₽
295/40ZR21 111Y TL XL FR ContiSportContact 5 SUV MO,['https://www.emex.ru/Catalog/Catalog/GetImage?id=6040602&h=150'],295,40,21,Цены от 22561 ₽
205/55R16 91H P7cint(*),['https://www.emex.ru/Catalog/Catalog/GetImage?id=5092870&h=150'],205,55,16,Цены от 5652 ₽
205/60 R 15 95R Nordman RS XL,['https://www.emex.ru/Catalog/Catalog/GetImage?id=5117535&h=150'],205,60,15,Цены от 3974 ₽
Kumho,['https://www.emex.ru/Catalog/Catalog/GetImage?id=5117917&h=150'],185,80,14,Цены от 5856 ₽
Michelin 285/60 R18 116H Latitude X-Ice 2,['https://www.emex.ru/Catalog/Catalog/GetImage?id=6043638&h=150'],285,60,18,Цены от 16230 ₽
235/45ZR17 Dunlop SP SPORT LM704 94W,['https://www.emex.ru/Catalog/Catalog/GetImage?id=5095031&h=150'],235,45,17,Цены от 8436 ₽
Шина Tigar Sigura STUD 185/70R14,['https://www.emex.ru/Catalog/Catalog/GetImage?id=6045596&h=150'],185,70,14,Цены от 3143 ₽
255/50R19 103W TL ML ContiSportContact 5 SUV SSR MO Extended,['https://www.emex.ru/Catalog/Catalog/GetImage?id=6040595&h=150'],255,50,19,Цены от 17552 ₽
235/60R18 103V S-Zero,['https://www.emex.ru/Catalog/Catalog/GetImage?id=6089623&h=150'],235,60,18,Цены от 13202 ₽
Шина Pirelli Winter ICE ZERO,['https://www.emex.ru/Catalog/Catalog/GetImage?id=10170334&h=150'],215,65,16,Цены от 5830 ₽
Шина Dunlop ICETOUCH D-STUD 225/50R17,['https://www.emex.ru/Catalog/Catalog/GetImage?id=6041737&h=150'],225,50,17,Цены от 9499 ₽
Шина Continental CONTICROSSCONTACT UHP 275/50R20,['https://www.emex.ru/Catalog/Catalog/GetImage?id=6040646&h=150'],275,50,20,Цены от 27394 ₽
Nokian,['https://www.emex.ru/Catalog/Catalog/GetImage?id=10169552&h=150'],235,55,18,Цены от 12906 ₽
Bridgestone,['https://www.emex.ru/Catalog/Catalog/GetImage?id=5092303&h=150'],255,55,18,Цены от 14226 ₽
245/70 R 16 111T Nokian Hakka SUV XL,['https://www.emex.ru/Catalog/Catalog/GetImage?id=5093017&h=150'],245,70,16,Цены от 9002 ₽
205/50 R 17 93W NOKIAN HAKKA BLACK XL,['https://www.emex.ru/Catalog/Catalog/GetImage?id=5092934&h=150'],205,50,17,Цены от 10608 ₽
Шина Pirelli WINTER SOTTOZERO Serie,['https://www.emex.ru/Catalog/Catalog/GetImage?id=10170330&h=150'],235,55,17,Цены от 13154 ₽
235/50 ZR 18 101Y Nokian Hakka Black XL,['https://www.emex.ru/Catalog/Catalog/GetImage?id=5092927&h=150'],235,50,18,Цены от 12541 ₽
245/45 ZR 17 99Y Nokian Hakka Black XL,['https://www.emex.ru/Catalog/Catalog/GetImage?id=5092922&h=150'],245,45,17,Цены от 11600 ₽
Michelin 91H Energy XM2,['https://www.emex.ru/Catalog/Catalog/GetImage?id=10168423&h=150'],205,60,15,Цены от 6318 ₽
215/70 R15C 109/107S AGILIS+,['https://www.emex.ru/Catalog/Catalog/GetImage?id=10168396&h=150'],215,70,15C,Цены от 9823 ₽
225/40 ZR18 88Y PILOT SUPER SPORT ?,['https://www.emex.ru/Catalog/Catalog/GetImage?id=10168427&h=150'],225,40,18,Цены от 12822 ₽
Шина Nokian Hakkapeliitta 8 SUV,['https://www.emex.ru/Catalog/Catalog/GetImage?id=6044731&h=150'],245,55,19,Цены от 13458 ₽
Шина Nokian Hakkapeliitta 8 SUV,['https://www.emex.ru/Catalog/Catalog/GetImage?id=6044725&h=150'],265,60,18,Цены от 14237 ₽
225/45 R 17 94V NOKIAN HAKKA BLUE XL,['https://www.emex.ru/Catalog/Catalog/GetImage?id=5092999&h=150'],225,45,17,Цены от 8436 ₽
Pirelli,['https://www.emex.ru/Catalog/Catalog/GetImage?id=6089867&h=150'],225,40,18,Цены от 10707 ₽
245/40 ZR 18 97Y NOKIAN HAKKA BLACK XL,['https://www.emex.ru/Catalog/Catalog/GetImage?id=5092913&h=150'],245,40,18,Цены от 13608 ₽
Dunlop WINTER MAXX WM01 101T,['https://www.emex.ru/Catalog/Catalog/GetImage?id=5118344&h=150'],225,55,17,Цены от 8101 ₽
Шина Nokian Hakkapeliitta R2 SUV,['https://www.emex.ru/Catalog/Catalog/GetImage?id=6044439&h=150'],255,55,19,Цены от 12223 ₽
205/60R16 92H TL ContiPremiumContact 2,['https://www.emex.ru/Catalog/Catalog/GetImage?id=10163937&h=150'],205,60,16,Цены от 8489 ₽
Шина Nokian Hakkapeliitta R2 SUV,['https://www.emex.ru/Catalog/Catalog/GetImage?id=6044425&h=150'],225,65,17,Цены от 8842 ₽
225/70R15C 112/110R (115N) TL VANCOWI 2,['https://www.emex.ru/Catalog/Catalog/GetImage?id=5043091&h=150'],225,70,15,Цены от 8688 ₽
Шина Dunlop Winter MAXX SJ8,['https://www.emex.ru/Catalog/Catalog/GetImage?id=10164582&h=150'],245,55,19,Цены от 9810 ₽
215/60R17 Dunlop GRANDTREK ST20 96H,['https://www.emex.ru/Catalog/Catalog/GetImage?id=5094930&h=150'],215,60,17,Цены от 8904 ₽
215/55 R 16 97H Nokian Hakka Green XL,['https://www.emex.ru/Catalog/Catalog/GetImage?id=5093073&h=150'],215,55,16,Цены от 7766 ₽
Шина Nokian Hakkapeliitta 8 SUV,['https://www.emex.ru/Catalog/Catalog/GetImage?id=6044715&h=150'],225,65,17,Цены от 9548 ₽
Yokohama,['https://www.emex.ru/Catalog/Catalog/GetImage?id=5091813&h=150'],215,60,17,Цены от 11664 ₽
Continental,['https://www.emex.ru/Catalog/Catalog/GetImage?id=5096827&h=150'],255,65,17,Цены от 12756 ₽
LT285/75R16 Dunlop GRANDTREK AT3 122/119Q,['https://www.emex.ru/Catalog/Catalog/GetImage?id=6041546&h=150'],285,75,16,Цены от 10226 ₽
30X9.50R15LT Dunlop GRANDTREK AT3 104S,['https://www.emex.ru/Catalog/Catalog/GetImage?id=5095076&h=150'],230,85,15,Цены от 7241 ₽
Pirelli,['https://www.emex.ru/Catalog/Catalog/GetImage?id=6089862&h=150'],245,70,16,Цены от 7397 ₽
Шина Nokian Hakkapeliitta 8 SUV,['https://www.emex.ru/Catalog/Catalog/GetImage?id=6044719&h=150'],265,65,17,Цены от 12029 ₽
265/50 R 20 111R Nokian HKPL R2 SUV XL,['https://www.emex.ru/Catalog/Catalog/GetImage?id=6044473&h=150'],265,50,20,Цены от 17544 ₽
Yokohama,['https://www.emex.ru/Catalog/Catalog/GetImage?id=5091817&h=150'],245,55,19,Цены от 9507 ₽
255/55R19 111V TL XL FR ContiSportContact 5 SUV,['https://www.emex.ru/Catalog/Catalog/GetImage?id=5097791&h=150'],255,55,19,Цены от 15676 ₽
Michelin 205/60 R16 96H XL X-ICE 3,['https://www.emex.ru/Catalog/Catalog/GetImage?id=6043757&h=150'],205,60,16,Цены от 7172 ₽
215/50R17 95W TL XL FR ContiSportContact 5,['https://www.emex.ru/Catalog/Catalog/GetImage?id=5097812&h=150'],215,50,17,Цены от 12395 ₽
225/45 R 17 94W Nokian Hakka Blue XL,['https://www.emex.ru/Catalog/Catalog/GetImage?id=5093001&h=150'],225,45,17,Цены от 8862 ₽
Шина Pirelli Winter ICE ZERO,['https://www.emex.ru/Catalog/Catalog/GetImage?id=10170374&h=150'],235,55,19,Цены от 11886 ₽
Yokohama,['https://www.emex.ru/Catalog/Catalog/GetImage?id=5091820&h=150'],185,65,15,Цены от 3362 ₽
Bridgestone,['https://www.emex.ru/Catalog/Catalog/GetImage?id=5097926&h=150'],205,60,16,Цены от 7018 ₽
Yokohama,['https://www.emex.ru/Catalog/Catalog/GetImage?id=5119890&h=150'],205,55,16,Цены от 6030 ₽
Michelin 195/55 R16 91H XL X-ICE 3,['https://www.emex.ru/Catalog/Catalog/GetImage?id=10168336&h=150'],195,55,16,Цены от 7373 ₽
255/55 R18 109V XL LATITUDE TOUR HP N1,['https://www.emex.ru/Catalog/Catalog/GetImage?id=5093584&h=150'],255,55,18,Цены от 11074 ₽
255/50R19 107V TL XL Contact UHP SSR,['https://www.emex.ru/Catalog/Catalog/GetImage?id=6040649&h=150'],255,50,19,Цены от 18358 ₽
Blizzak Revo GZ,['https://www.emex.ru/Catalog/Catalog/GetImage?id=6086067&h=150'],175,70,14,Цены от 4895 ₽
Шина Goodyear UltraGrip Ice Arctic,['https://www.emex.ru/Catalog/Catalog/GetImage?id=6042095&h=150'],185,60,15,Цены от 4576 ₽
Good year 155/65R14 75T UltraGrip Ice Arctic D-STUD,['https://www.emex.ru/Catalog/Catalog/GetImage?id=5071110&h=150'],155,65,14,Цены от 4372 ₽
265/70R16 112H TL FR MP82 CONQUERRA 2,['https://www.emex.ru/Catalog/Catalog/GetImage?id=5093787&h=150'],265,70,16,Цены от 8777 ₽
215/70R16 100H TL FR MP82 CONQUERRA 2,['https://www.emex.ru/Catalog/Catalog/GetImage?id=10167527&h=150'],215,70,16,Цены от 5825 ₽
Blizzak Spike-01,['https://www.emex.ru/Catalog/Catalog/GetImage?id=6085938&h=150'],225,70,16,Цены от 10284 ₽
235/60R18 107V G055,['https://www.emex.ru/Catalog/Catalog/GetImage?id=5092418&h=150'],235,60,18,Цены от 9026 ₽
Barum,['https://www.emex.ru/Catalog/Catalog/GetImage?id=5098300&h=150'],235,40,17,Цены от 7458 ₽
205/70R15 96H TL FR MP82 CONQUERRA 2,['https://www.emex.ru/Catalog/Catalog/GetImage?id=10167524&h=150'],205,70,15,Цены от 5614 ₽
Pirelli,['https://www.emex.ru/Catalog/Catalog/GetImage?id=6089936&h=150'],275,40,22,Цены от 28641 ₽
Barum,['https://www.emex.ru/Catalog/Catalog/GetImage?id=5072367&h=150'],155,65,14,Цены от 3472 ₽
Шина Pirelli Winter ICE ZERO,['https://www.emex.ru/Catalog/Catalog/GetImage?id=6045343&h=150'],225,50,17,Цены от 10875 ₽
235/75 R 15 109T NOKIAN ROTIIVA AT XL,['https://www.emex.ru/Catalog/Catalog/GetImage?id=10169394&h=150'],235,75,15,Цены от 6356 ₽
Шина Pirelli Winter ICE ZERO,['https://www.emex.ru/Catalog/Catalog/GetImage?id=6089903&h=150'],275,40,20,Цены от 14897 ₽
Шина Bridgestone BLIZZAK VRX 205/70R15,['https://www.emex.ru/Catalog/Catalog/GetImage?id=6039669&h=150'],205,70,15,Цены от 6743 ₽
275/30 ZR19 (96Y) XL PILOT SUPER SPORT,['https://www.emex.ru/Catalog/Catalog/GetImage?id=5093437&h=150'],275,30,19,Цены от 43300 ₽
215/55 R 17 98V Nokian WR A3 XL,['https://www.emex.ru/Catalog/Catalog/GetImage?id=5119344&h=150'],215,55,17,Цены от 9726 ₽
215/60R16 95V TL ContiEcoContact 5,['https://www.emex.ru/Catalog/Catalog/GetImage?id=10163998&h=150'],215,60,16,Цены от 11936 ₽
